file,split,uav_x,uav_y,uav_z,qw,qx,qy,qz,dist_m,box_x1,box_y1,box_x2,box_y2,img_w,img_h
h_1789607498952759888.jpg,train,-0.027,-0.034,7.548,-0.2899,-0.0088,0.0021,-0.9570,7.41,435.2,257.4,542.2,364.4,960,600
h_1789607536105700851.jpg,val,-0.051,0.055,14.115,-0.5067,-0.0031,0.0215,-0.8619,13.98,435.7,290.8,491.4,346.5,960,600
h_1789607537996948066.jpg,train,-1.048,-0.621,14.127,-0.4984,0.0096,0.0362,-0.8661,14.05,462.5,282.9,518.0,338.6,960,600
h_1789607539011301358.jpg,train,-2.328,-1.418,14.149,-0.4953,-0.0347,-0.0452,-0.8668,14.30,633.9,278.6,693.1,336.1,960,600
h_1789607540032430208.jpg,train,-2.945,-1.788,14.165,-0.5043,-0.0336,-0.0431,-0.8618,14.47,661.9,275.0,721.2,332.4,960,600
h_1789607541064452042.jpg,train,-2.734,-1.622,14.166,-0.5108,0.0241,0.0569,-0.8575,14.39,512.5,277.6,565.5,331.8,960,600
h_1789607542086295823.jpg,train,-3.125,-1.756,14.184,-0.5050,-0.0208,-0.0130,-0.8627,14.52,627.2,285.1,683.9,341.3,960,600
h_1789607543701193758.jpg,val,-3.527,-1.919,14.183,-0.5581,-0.0149,-0.0092,-0.8296,14.63,638.0,263.2,691.9,316.8,960,600
h_1789607544725082554.jpg,train,-3.261,-1.788,14.183,-0.8523,-0.0041,0.0003,-0.5230,14.54,544.3,150.4,599.2,205.1,960,600
h_1789607545748194327.jpg,val,-2.939,-1.650,14.166,-0.9770,-0.0115,0.0134,-0.2125,14.43,453.9,155.4,507.6,208.5,960,600
h_1789607546982669899.jpg,train,-2.725,-1.637,14.157,-0.9813,-0.0039,0.0227,-0.1912,14.37,435.5,173.5,488.1,225.6,960,600
h_1789607547991201567.jpg,train,-2.804,-1.763,14.160,-0.9957,-0.0022,0.0197,-0.0902,14.40,409.5,175.0,456.7,221.7,960,600
h_1789607549016531070.jpg,val,-3.097,-1.942,14.165,-0.9993,0.0002,0.0117,0.0345,14.49,373.8,172.0,417.0,215.1,960,600
h_1789607550049508289.jpg,val,-3.465,-2.110,14.162,-0.9872,0.0044,0.0044,0.1592,14.59,326.5,173.1,378.0,224.5,960,600
h_1789607551069506430.jpg,train,-3.752,-2.218,14.161,-0.9596,0.0077,0.0013,0.2813,14.67,286.7,195.5,343.5,251.9,960,600
h_1789607552092892250.jpg,train,-3.873,-2.240,14.161,-0.9170,0.0082,0.0024,0.3989,14.70,267.4,236.5,325.5,294.3,960,600
h_1789607554173860637.jpg,train,-3.700,-2.100,13.657,-0.9377,0.0015,0.0073,0.3475,14.16,285.0,218.1,344.5,277.6,960,600
h_1789607555691366748.jpg,train,-3.528,-1.966,12.444,-0.9619,0.0001,0.0137,0.2732,12.94,292.4,192.7,355.7,256.1,960,600
h_1789607564579814361.jpg,train,-3.633,-1.972,11.872,-0.9717,-0.0015,0.0104,0.2361,12.43,289.3,166.2,354.3,231.3,960,600
h_1789607565604278606.jpg,val,-3.628,-1.908,11.870,-0.9998,0.0018,0.0087,-0.0187,12.42,369.5,105.6,420.0,155.7,960,600
h_1789607568903212496.jpg,train,-3.547,-1.842,10.073,-0.9994,-0.0024,0.0119,-0.0318,10.70,363.4,75.3,424.1,135.2,960,600
h_1789607569924560363.jpg,train,-3.581,-1.878,9.221,-0.9994,-0.0014,0.0101,-0.0318,9.93,349.0,48.4,415.4,114.1,960,600
h_1789607570946746910.jpg,train,-3.629,-1.927,8.421,-0.9994,-0.0005,0.0113,-0.0318,9.24,332.1,21.3,404.9,93.2,960,600
h_1789607571973067088.jpg,val,-3.630,-1.968,8.273,-0.9993,0.0011,-0.0183,-0.0319,9.12,322.0,0.0,397.5,48.8,960,600
h_1789607573001522098.jpg,train,-3.190,-1.959,8.272,-0.9995,0.0008,-0.0066,-0.0319,8.95,322.3,20.6,397.2,96.1,960,600
h_1789607574019973042.jpg,train,-2.417,-1.906,8.277,-0.9995,-0.0001,0.0076,-0.0320,8.69,324.6,94.7,399.0,168.6,960,600
h_1789607575043037646.jpg,val,-1.603,-1.832,8.274,-0.9987,-0.0018,0.0400,-0.0322,8.48,327.7,191.1,402.4,263.7,960,600
h_1789607576066159993.jpg,val,-1.274,-1.788,8.268,-0.9986,-0.0025,0.0421,-0.0310,8.41,329.3,216.3,404.1,289.3,960,600
h_1789607577088028636.jpg,train,-1.590,-1.843,8.262,-0.9729,-0.0006,0.0223,0.2303,8.47,279.1,236.6,372.3,330.3,960,600
h_1789607578111966612.jpg,train,-2.248,-1.919,8.251,-0.7710,0.0016,-0.0008,0.6369,8.62,259.6,362.2,342.3,444.8,960,600
h_1789607579133435384.jpg,train,-2.771,-2.044,8.263,-0.7185,0.0174,-0.0045,0.6953,8.81,225.5,413.2,300.6,486.8,960,600
h_1789607580155401484.jpg,train,-2.936,-2.165,8.251,-0.7552,0.0212,-0.0071,0.6552,8.88,187.0,393.9,270.3,475.1,960,600
h_1789607581217406948.jpg,train,-2.691,-2.224,8.209,-0.7642,0.0157,0.0017,0.6447,8.78,211.9,396.8,296.0,479.9,960,600
h_1789607582239548892.jpg,train,-2.230,-2.188,8.172,-0.7653,0.0064,0.0107,0.6436,8.61,261.2,399.6,344.2,482.8,960,600
h_1789607583264975976.jpg,train,-1.788,-2.100,8.104,-0.7652,-0.0012,0.0164,0.6436,8.42,304.0,398.4,386.8,482.2,960,600
h_1789607584319274062.jpg,train,-1.524,-1.995,8.099,-0.7647,0.0259,-0.0094,0.6438,8.34,276.1,393.8,362.0,477.9,960,600
h_1789607585342204258.jpg,train,-0.957,-1.825,8.091,-0.7667,0.0221,-0.0076,0.6416,8.21,324.1,386.1,409.3,470.3,960,600
h_1789607586365304828.jpg,train,-0.244,-1.648,8.089,-0.7662,-0.0226,0.0283,0.6416,8.13,446.1,380.0,529.5,464.6,960,600
h_1789607588044651342.jpg,train,-0.306,-1.673,8.099,-0.7610,-0.0062,0.0162,0.6485,8.14,420.1,383.7,502.5,466.8,960,600
h_1789607589061844024.jpg,train,-0.781,-1.799,8.106,-0.7602,0.0084,0.0058,0.6496,8.20,364.0,389.6,446.7,472.4,960,600
h_1789607590085994885.jpg,train,-1.209,-1.910,8.097,-0.7602,0.0176,-0.0007,0.6495,8.27,317.8,394.5,401.5,477.6,960,600
h_1789607591539213570.jpg,val,-1.329,-1.934,8.124,-0.8030,0.0147,0.0036,0.5957,8.31,295.1,374.4,385.9,464.8,960,600
h_1789607592560781794.jpg,train,-1.080,-1.808,8.259,-0.9566,0.0068,0.0002,0.2914,8.38,278.9,261.5,377.2,359.5,960,600
h_1789607593617175432.jpg,train,-0.718,-1.676,8.292,-0.9713,0.0115,0.0198,0.2369,8.35,301.1,287.8,396.0,382.9,960,600
h_1789607594642669891.jpg,val,-0.519,-1.372,8.275,-0.9666,0.0060,0.0361,0.2536,8.26,338.1,310.2,433.8,406.7,960,600
h_1789607595665116235.jpg,train,-0.764,-0.868,8.287,-0.9660,-0.0014,0.0258,0.2571,8.23,366.7,264.8,461.9,360.3,960,600
h_1789607596686983938.jpg,val,-1.338,-0.345,8.286,-0.9662,-0.0052,0.0082,0.2575,8.26,377.3,190.8,472.7,286.2,960,600
h_1789607597708275594.jpg,train,-1.949,0.040,8.289,-0.9660,-0.0135,-0.0142,0.2578,8.38,381.0,110.4,477.3,207.6,960,600
h_1789607598731738034.jpg,train,-2.178,0.045,8.293,-0.9640,-0.0193,-0.0644,0.2572,8.44,360.3,27.9,460.4,131.9,960,600
h_1789607599755743519.jpg,train,-1.181,-0.690,8.290,-0.9657,-0.0031,-0.0241,0.2586,8.26,348.2,175.3,444.9,272.2,960,600
h_1789607600777641934.jpg,train,0.422,-1.687,8.316,-0.9630,0.0219,0.0747,0.2581,8.36,342.5,429.5,441.0,532.3,960,600
h_1789607601801112097.jpg,train,1.033,-2.053,8.280,-0.9635,0.0216,0.0708,0.2574,8.46,338.4,477.8,438.5,583.3,960,600
h_1789607602825143012.jpg,train,0.588,-1.759,8.273,-0.9655,0.0118,0.0371,0.2574,8.34,345.4,395.5,442.7,494.8,960,600
h_1789607603852535155.jpg,train,-0.359,-1.140,8.290,-0.9663,0.0005,0.0010,0.2576,8.23,354.2,271.3,450.0,367.1,960,600
h_1789607604881367536.jpg,train,-1.178,-0.573,8.297,-0.9660,-0.0069,-0.0200,0.2576,8.26,361.6,175.2,457.8,271.7,960,600
h_1789607605901271041.jpg,train,-1.456,-0.325,8.297,-0.9661,-0.0080,-0.0182,0.2575,8.29,368.7,150.8,464.9,247.6,960,600
h_1789607606925267652.jpg,val,-1.149,-0.428,8.236,-0.9663,-0.0052,-0.0020,0.2573,8.19,374.9,192.6,471.1,289.0,960,600
h_1789607607952684549.jpg,train,-0.547,-0.766,7.660,-0.9661,0.0013,0.0204,0.2575,7.58,366.4,264.6,469.8,368.3,960,600
h_1789607608976141897.jpg,val,-0.089,-1.095,7.033,-0.9658,0.0057,0.0286,0.2575,6.98,347.7,316.2,461.2,430.6,960,600
h_1789607610036476266.jpg,train,0.032,-1.265,6.381,-0.9659,0.0073,0.0258,0.2574,6.36,322.6,329.1,448.2,455.9,960,600
h_1789607611058715513.jpg,train,-0.129,-1.243,5.740,-0.9661,0.0061,0.0169,0.2574,5.73,297.4,303.0,437.2,443.5,960,600
h_1789607612081111964.jpg,train,-0.393,-1.103,5.091,-0.9662,0.0032,0.0077,0.2575,5.08,273.7,255.0,431.4,412.9,960,600
h_1789607613112374026.jpg,train,-0.607,-0.930,4.699,-0.9663,0.0003,0.0031,0.2575,4.68,263.7,210.2,434.6,381.2,960,600
h_1789607615482828970.jpg,train,-0.509,-0.809,4.695,-0.9663,-0.0016,0.0089,0.2573,4.65,287.4,219.4,457.9,390.4,960,600
h_1789607616521967323.jpg,train,-0.325,-0.882,4.702,-0.9663,-0.0002,0.0141,0.2572,4.65,291.0,250.4,461.4,421.5,960,600
h_1789607617631702454.jpg,train,-0.175,-0.984,4.324,-0.9721,0.0005,0.0142,0.2343,4.29,269.5,264.7,452.9,449.1,960,600
h_1789607618656320070.jpg,train,-0.134,-1.056,3.231,-0.9787,0.0049,0.0223,0.2041,3.26,179.8,261.1,423.1,507.1,960,600
h_1789607619681651341.jpg,val,-0.265,-1.035,3.060,-0.9788,0.0023,0.0093,0.2048,3.09,156.3,216.6,413.6,474.9,960,600
h_1789607620699367200.jpg,train,-0.385,-0.999,3.066,-0.9786,0.0023,0.0072,0.2056,3.10,153.5,190.3,410.6,447.9,960,600
h_1789607621862168318.jpg,train,-0.343,-0.749,3.067,-0.9788,0.0204,0.0038,0.2036,3.03,174.2,177.4,436.3,437.2,960,600
h_1789607622878488092.jpg,train,-0.096,-0.166,3.053,-0.9795,0.0063,0.0077,0.2014,2.92,319.9,178.0,577.6,435.6,960,600
h_1789607623903327244.jpg,train,0.171,0.357,3.069,-0.9788,-0.0254,0.0155,0.2028,2.97,474.3,185.7,736.4,444.5,960,600
h_1789607625197340671.jpg,train,0.233,0.345,3.079,-0.9266,-0.0112,0.0117,0.3757,2.98,451.7,156.2,729.1,432.1,960,600
h_1789607626246515676.jpg,train,0.100,-0.007,3.064,-0.8001,-0.0024,0.0109,0.5998,2.93,399.1,194.8,641.7,437.4,960,600
h_1789607627280234659.jpg,train,-0.066,-0.408,3.050,-0.8039,0.0133,0.0114,0.5945,2.94,327.1,270.6,573.8,518.2,960,600
h_1789607628295184063.jpg,train,-0.188,-0.646,3.060,-0.7766,0.0192,0.0123,0.6296,3.00,301.6,326.0,537.1,562.4,960,600
h_1789607629516537795.jpg,train,-0.195,-0.576,3.061,-0.7277,0.0143,0.0111,0.6856,2.99,338.1,328.2,547.1,538.1,960,600
h_1789607630519564577.jpg,train,-0.121,-0.324,3.052,-0.7112,0.0069,0.0077,0.7029,2.94,368.1,276.5,567.0,475.9,960,600
h_1789607631533077945.jpg,train,-0.023,-0.033,3.058,-0.7130,0.0010,0.0041,0.7011,2.92,390.2,211.4,589.2,410.5,960,600
h_1789607632556867257.jpg,train,0.067,0.155,3.057,-0.7136,-0.0018,0.0034,0.7005,2.93,410.2,171.9,609.6,371.2,960,600
h_1789607634804803486.jpg,train,0.124,0.075,3.059,-0.7136,0.0035,0.0074,0.7005,2.93,419.8,195.7,618.9,394.9,960,600
h_1789607635810868654.jpg,train,0.096,-0.059,3.052,-0.7135,0.0070,0.0091,0.7006,2.92,411.9,226.0,611.5,426.0,960,600
h_1789607636887846464.jpg,train,0.053,-0.167,3.057,-0.7134,0.0092,0.0095,0.7006,2.93,401.5,249.1,600.9,449.2,960,600
h_1789607639008410383.jpg,train,0.048,-0.123,3.053,-0.8952,0.0071,0.0056,0.4456,2.92,342.4,197.6,617.2,472.7,960,600
h_1789607640233276610.jpg,train,0.074,-0.011,3.058,-0.9195,0.0029,0.0054,0.3931,2.93,361.5,180.8,638.3,457.7,960,600
h_1789607641255913397.jpg,train,0.165,0.055,3.057,-0.9173,0.0001,0.0090,0.3981,2.93,388.7,186.2,665.7,463.3,960,600
h_1789607643898801092.jpg,train,0.212,0.019,3.050,-0.9168,0.0185,0.0034,0.3989,2.93,366.5,200.0,643.3,477.6,960,600
h_1789607644903971856.jpg,train,0.318,0.139,3.053,-0.9174,0.0192,0.0024,0.3975,2.94,397.0,196.7,672.4,473.4,960,600
h_1789607645911413937.jpg,val,0.643,0.493,3.060,-0.9182,0.0094,0.0056,0.3959,3.05,503.6,189.3,778.3,465.2,960,600
h_1789607646933329785.jpg,val,1.002,0.880,3.059,-0.9177,-0.0187,0.0168,0.3964,3.24,644.5,177.9,934.6,461.2,960,600
h_1789607648693385108.jpg,val,0.978,0.888,3.056,-0.9160,-0.0055,0.0111,0.4009,3.23,624.1,172.8,905.8,452.1,960,600
h_1789607649716150752.jpg,train,0.747,0.656,3.058,-0.9159,0.0057,0.0068,0.4013,3.11,545.1,177.4,820.7,453.6,960,600
h_1789607650746963117.jpg,train,0.483,0.388,3.063,-0.9152,-0.0215,0.0195,0.4019,3.01,507.3,180.0,791.2,460.0,960,600
h_1789607651765899270.jpg,train,-0.093,-0.153,3.061,-0.9141,-0.0056,0.0130,0.4052,2.93,333.3,184.1,609.2,460.3,960,600
h_1789607652786895256.jpg,val,-0.827,-0.813,3.054,-0.9137,0.0377,-0.0067,0.4045,3.12,61.4,177.8,357.0,464.1,960,600
h_1789607653819505827.jpg,train,-1.159,-1.087,3.052,-0.9162,0.0404,-0.0089,0.3985,3.30,0.0,165.8,264.8,456.9,960,600
h_1789607654834994710.jpg,train,-0.910,-0.834,3.055,-0.9196,0.0190,0.0000,0.3924,3.15,81.3,163.5,366.8,444.8,960,600
h_1789607655859494965.jpg,train,-0.397,-0.344,3.243,-0.9181,-0.0032,0.0104,0.3961,3.14,274.0,176.5,533.0,436.1,960,600
h_1789607656885550405.jpg,train,0.046,0.063,3.416,-0.9174,-0.0166,0.0162,0.3972,3.29,407.0,184.3,654.7,431.3,960,600
h_1789607657908397217.jpg,train,0.188,0.178,3.780,-0.9173,-0.0151,0.0170,0.3976,3.66,443.8,200.3,667.5,423.0,960,600
h_1789607658930805016.jpg,val,0.018,0.021,4.513,-0.9165,-0.0068,0.0113,0.3997,4.38,412.0,216.4,596.9,401.2,960,600
h_1789607659959223029.jpg,train,-0.291,-0.298,5.246,-0.9165,0.0053,0.0077,0.4000,5.12,358.9,234.1,517.2,392.4,960,600
h_1789607660976557316.jpg,train,-0.587,-0.600,5.984,-0.9164,0.0135,0.0047,0.4000,5.90,321.4,246.2,460.6,384.9,960,600
h_1789607664375372554.jpg,train,-0.612,-0.566,7.069,-0.9172,0.0036,0.0078,0.3984,6.98,357.7,251.5,474.3,368.1,960,600
h_1789607666422345408.jpg,train,-0.126,-0.051,7.094,-0.9183,0.0275,-0.0034,0.3950,6.96,384.8,246.8,501.5,363.3,960,600
h_1789607667445676825.jpg,train,0.608,0.638,7.107,-0.9204,0.0092,0.0049,0.3909,7.03,491.6,248.6,607.2,364.4,960,600
h_1789607668471628667.jpg,val,1.434,1.412,7.102,-0.9208,-0.0067,0.0124,0.3899,7.27,605.5,250.6,723.1,367.5,960,600
h_1789607669491668314.jpg,train,1.913,1.857,7.096,-0.9171,-0.0422,0.0270,0.3955,7.49,710.3,245.9,837.2,367.3,960,600
h_1789607670516643117.jpg,train,1.709,1.654,7.077,-0.9140,-0.0186,0.0168,0.4050,7.36,652.3,243.6,772.9,362.0,960,600
h_1789607671540070037.jpg,train,1.160,1.121,7.087,-0.9135,0.0081,0.0060,0.4066,7.15,553.6,247.7,669.2,363.6,960,600
h_1789607672568607098.jpg,train,0.668,0.660,7.103,-0.9462,0.0237,-0.0020,0.3226,7.04,476.8,259.8,590.8,374.4,960,600
h_1789607674786867188.jpg,train,0.695,0.756,7.104,-0.9912,0.0109,-0.0011,0.1318,7.05,496.6,289.0,596.8,389.5,960,600
h_1789607675801969032.jpg,train,1.135,1.244,7.100,-0.9899,0.0406,0.0038,0.1355,7.17,511.1,322.3,609.9,423.1,960,600
h_1789607676826441472.jpg,val,1.720,2.301,7.099,-0.9900,-0.0292,0.0192,0.1364,7.56,696.0,353.3,804.2,457.7,960,600
h_1789607677849069521.jpg,train,2.068,2.998,7.095,-0.9889,-0.0373,0.0216,0.1419,7.89,775.8,364.3,889.0,471.3,960,600
h_1789607678873183743.jpg,train,2.038,2.971,7.112,-0.9624,-0.0198,0.0150,0.2706,7.89,755.9,269.0,874.9,384.7,960,600
h_1789607679897909896.jpg,train,1.677,2.492,7.094,-0.7181,-0.0030,-0.0012,0.6959,7.59,588.6,53.0,673.7,138.1,960,600
h_1789607680920619478.jpg,train,1.300,1.896,7.095,0.5186,-0.0160,-0.0127,-0.8548,7.33,455.6,84.3,565.2,192.6,960,600
h_1789607681943236778.jpg,train,1.059,1.489,7.267,0.5559,-0.0309,-0.0137,-0.8306,7.36,459.0,147.4,562.3,249.0,960,600
h_1789607684487358065.jpg,val,1.405,1.860,9.431,0.5163,-0.0113,-0.0046,-0.8563,9.59,463.1,132.2,545.8,214.3,960,600
h_1789607685510559314.jpg,train,1.671,2.212,9.423,0.3850,-0.0013,-0.0029,-0.9229,9.69,420.1,90.4,507.0,177.2,960,600
h_1789607686538306835.jpg,train,1.847,2.499,9.533,0.3776,0.0016,0.0026,-0.9260,9.90,408.3,66.9,494.6,153.3,960,600
h_1789607688649126238.jpg,train,1.738,2.558,10.423,0.3827,-0.0045,0.0031,-0.9239,10.74,406.5,95.6,485.1,174.0,960,600
h_1789607689752425004.jpg,train,1.583,2.387,10.478,0.3825,-0.0115,-0.0043,-0.9239,10.73,412.6,121.4,490.3,198.6,960,600
h_1789607692267098502.jpg,val,0.713,3.054,10.499,0.3775,-0.0022,-0.0361,-0.9253,10.82,391.3,136.3,467.5,212.5,960,600
h_1789607693282176302.jpg,train,-0.104,4.135,10.487,0.3736,-0.0071,-0.0111,-0.9275,11.13,286.6,121.3,363.6,198.2,960,600
h_1789607694305054917.jpg,val,-0.853,5.195,10.496,0.3771,-0.0268,0.0600,-0.9239,11.60,106.2,82.9,195.0,166.1,960,600
h_1789607695332104469.jpg,train,-0.885,5.357,10.490,0.3892,-0.0186,0.0410,-0.9200,11.67,135.7,74.7,220.8,156.1,960,600
h_1789607696354735228.jpg,train,-0.411,4.826,10.507,0.3964,-0.0083,0.0081,-0.9180,11.43,231.4,87.0,310.3,165.1,960,600
h_1789607697375633834.jpg,train,0.149,4.108,10.492,0.3974,-0.0018,-0.0196,-0.9174,11.13,317.9,103.9,394.3,180.5,960,600
h_1789607698402121042.jpg,train,0.472,3.647,10.495,0.3942,0.0002,-0.0306,-0.9185,10.98,360.0,114.4,436.0,190.7,960,600
h_1789607699852956548.jpg,val,0.332,3.748,10.503,0.3881,-0.0037,-0.0190,-0.9214,11.02,333.9,115.5,410.4,192.1,960,600
h_1789607700874391830.jpg,train,-0.014,4.176,10.509,0.5324,-0.0061,-0.0072,-0.8465,11.17,350.5,68.4,423.4,141.0,960,600
h_1789607701897708887.jpg,train,-0.316,4.678,10.496,-0.8777,0.0006,-0.0114,0.4790,11.39,563.8,22.1,640.4,99.5,960,600
h_1789607702921353948.jpg,val,-0.457,5.009,10.507,-0.9672,-0.0085,-0.0071,0.2539,11.55,683.3,91.9,759.5,168.3,960,600
h_1789607703945848309.jpg,train,-0.369,5.042,10.493,-0.9531,0.0136,-0.0070,0.3024,11.54,641.8,83.4,717.2,159.7,960,600
h_1789607705034549185.jpg,val,0.047,5.126,10.506,-0.9455,0.0116,0.0067,0.3253,11.59,656.7,103.9,732.7,179.8,960,600
h_1789607706060311037.jpg,train,0.542,5.359,10.493,-0.9448,0.0059,0.0154,0.3271,11.70,693.0,123.1,770.0,199.3,960,600
h_1789607707087969362.jpg,train,0.921,5.693,10.501,-0.9449,0.0015,0.0174,0.3269,11.89,726.7,127.9,804.3,204.4,960,600
h_1789607708107582289.jpg,val,1.055,5.988,10.505,-0.9442,-0.0199,0.0206,0.3282,12.05,774.2,113.2,855.7,191.9,960,600
h_1789607709129699629.jpg,train,0.821,5.981,10.489,-0.9433,-0.0086,0.0113,0.3317,12.01,745.8,97.3,825.1,175.3,960,600
h_1789607710157743636.jpg,train,0.410,5.790,11.169,-0.9431,0.0050,0.0023,0.3324,12.49,688.1,97.6,760.4,169.9,960,600
h_1789607711175057004.jpg,train,0.090,5.582,12.520,-0.9431,0.0127,-0.0046,0.3322,13.60,637.0,110.8,700.7,175.1,960,600
h_1789607712199267634.jpg,train,0.040,5.456,13.626,-0.9435,0.0144,-0.0045,0.3310,14.57,615.8,129.2,674.3,188.2,960,600
h_1789607713226582243.jpg,train,0.326,5.590,13.723,-0.9433,0.0628,-0.0086,0.3259,14.70,570.3,156.6,625.3,212.9,960,600
h_1789607714243363279.jpg,train,1.220,6.588,13.747,-0.9488,0.0247,0.0051,0.3149,15.19,676.0,164.4,732.5,221.5,960,600
h_1789607715267004533.jpg,train,2.120,7.736,13.758,-0.9478,-0.0462,0.0274,0.3144,15.85,845.2,152.2,911.9,214.5,960,600
h_1789607716297020610.jpg,train,2.313,8.068,13.752,-0.9407,-0.0782,0.0362,0.3281,16.05,916.9,126.2,959.0,192.4,960,600
h_1789607717315326769.jpg,train,1.531,7.217,13.750,-0.9378,-0.0381,0.0208,0.3445,15.52,785.7,123.1,850.4,184.8,960,600
h_1789607718338535514.jpg,train,0.204,5.704,13.760,-0.9354,0.0084,0.0039,0.3534,14.79,629.6,127.5,688.2,186.1,960,600
h_1789607719369056039.jpg,train,-1.029,4.257,13.765,-0.9348,0.0371,-0.0055,0.3532,14.32,515.3,131.7,573.1,189.8,960,600
h_1789607720385006006.jpg,train,-1.806,3.314,13.753,-0.9382,0.0356,-0.0055,0.3442,14.13,469.2,132.3,527.6,190.7,960,600
h_1789607722763196483.jpg,train,-2.133,2.739,13.766,-0.9427,-0.0024,0.0110,0.3334,14.07,493.0,140.4,551.8,198.9,960,600
h_1789607725080661765.jpg,train,-2.723,2.012,13.751,-0.9412,-0.0143,0.0149,0.3371,14.03,467.1,139.9,526.0,198.6,960,600
h_1789607726098938712.jpg,val,-3.415,1.256,13.757,-0.9407,-0.0058,0.0102,0.3390,14.10,412.8,136.1,471.6,194.8,960,600
h_1789607727123842263.jpg,train,-4.229,0.354,13.771,-0.9406,0.0041,0.0053,0.3394,14.27,349.0,132.4,408.0,191.1,960,600
h_1789607728151648911.jpg,train,-5.004,-0.544,13.766,-0.9405,0.0108,0.0030,0.3397,14.52,290.2,130.8,349.7,189.8,960,600
h_1789607729169145971.jpg,train,-5.646,-1.328,13.770,-0.9402,0.0115,0.0034,0.3405,14.80,246.3,132.0,306.0,191.1,960,600
h_1789607730192084870.jpg,train,-6.150,-1.983,13.769,-0.9404,0.0081,0.0056,0.3400,15.07,217.1,134.7,276.4,193.6,960,600
h_1789607731349203518.jpg,train,-6.635,-2.621,13.752,-0.9405,0.0027,0.0084,0.3396,15.35,191.9,137.4,250.7,196.0,960,600
h_1789607732374210462.jpg,val,-7.047,-3.138,13.763,-0.9403,0.0385,-0.0049,0.3381,15.63,104.8,129.7,168.7,190.7,960,600
h_1789607733496668010.jpg,train,-7.112,-3.214,13.774,-0.9430,0.0216,0.0011,0.3322,15.69,131.5,129.3,192.8,188.9,960,600
h_1789607734518592646.jpg,train,-6.899,-2.949,13.758,-0.9648,-0.0019,0.0084,0.2629,15.53,207.2,95.1,263.9,151.8,960,600
h_1789607735548485531.jpg,train,-6.703,-2.713,13.762,-0.9813,-0.0096,0.0142,0.1915,15.41,262.2,73.0,315.3,126.5,960,600
h_1789607736567353519.jpg,train,-6.409,-2.791,13.767,-0.9801,-0.0200,-0.0221,0.1964,15.30,259.1,37.0,314.3,93.7,960,600
h_1789607737588930575.jpg,val,-5.634,-3.390,13.772,-0.9797,-0.0095,-0.0010,0.2004,15.12,243.4,108.6,297.9,163.5,960,600
h_1789607738642910833.jpg,train,-4.663,-4.275,13.763,-0.9790,0.0032,0.0165,0.2031,15.00,214.4,184.6,269.0,239.1,960,600
h_1789607739666937288.jpg,train,-3.863,-5.058,13.761,-0.9789,0.0118,0.0222,0.2028,15.01,186.9,235.8,242.1,290.9,960,600
h_1789607740669637933.jpg,train,-3.307,-5.571,13.768,-0.9794,0.0140,0.0181,0.2008,15.07,171.4,260.3,227.0,315.7,960,600
h_1789607743033266521.jpg,val,-2.272,-5.941,13.762,-0.9803,0.0017,-0.0002,0.1977,15.01,185.7,281.4,240.8,336.5,960,600
h_1789607744059741977.jpg,train,-1.920,-5.938,13.753,-0.9797,0.0032,0.0336,0.1976,14.96,197.8,333.6,252.1,388.9,960,600
h_1789607745080258278.jpg,train,-1.729,-5.979,13.762,-0.9793,-0.0163,-0.0363,0.1985,14.96,208.0,258.6,262.8,313.0,960,600
h_1789607746101586957.jpg,train,-0.791,-6.522,13.766,-0.9797,-0.0086,-0.0179,0.1995,15.11,198.2,326.4,252.9,380.7,960,600
h_1789607747126913220.jpg,train,0.497,-7.294,13.773,-0.9776,0.0175,0.0616,0.2007,15.45,163.3,492.0,219.8,552.0,960,600
h_1789607748311780173.jpg,train,0.893,-7.612,14.248,-0.9702,0.0133,0.0435,0.2379,16.04,185.6,505.3,241.6,563.8,960,600
h_1789607749343669771.jpg,val,0.467,-7.436,15.392,-0.9607,0.0037,0.0073,0.2775,16.96,226.6,447.7,278.6,500.0,960,600
h_1789607750625042336.jpg,val,-0.101,-7.152,15.555,-0.9292,0.0044,-0.0076,0.3694,16.98,252.2,447.2,304.9,499.5,960,600
h_1789607751646511161.jpg,train,-0.286,-7.059,15.562,-0.8629,0.0050,-0.0123,0.5051,16.95,307.4,488.5,358.1,538.5,960,600
h_1789607752671343897.jpg,train,-0.118,-7.130,15.560,-0.9074,0.0050,-0.0066,0.4202,16.98,272.8,468.5,325.4,520.7,960,600
h_1789607753692747265.jpg,train,0.323,-7.286,15.548,-0.9697,0.0039,0.0049,0.2441,17.03,220.3,420.5,270.9,471.2,960,600
h_1789607754716183655.jpg,train,0.825,-7.437,15.570,-0.9976,0.0051,0.0155,0.0670,17.13,185.4,364.9,227.1,407.1,960,600
h_1789607755737561906.jpg,train,1.166,-7.490,15.561,-0.9938,0.0062,0.0195,-0.1090,17.16,167.2,281.3,212.7,325.9,960,600
h_1789607756760173088.jpg,train,1.237,-7.433,15.557,-0.9595,0.0041,0.0162,-0.2812,17.14,188.9,180.6,240.8,231.7,960,600
h_1789607757785253756.jpg,val,1.079,-7.308,15.579,-0.8955,-0.0016,0.0102,-0.4449,17.10,258.3,95.0,310.0,146.3,960,600
h_1789607758810236562.jpg,train,0.829,-7.188,15.551,-0.8742,-0.0080,0.0063,-0.4855,17.01,295.9,77.3,346.4,127.7,960,600
h_1789607761131009068.jpg,train,0.548,-7.241,16.142,-0.8660,-0.0095,0.0021,-0.4999,17.56,321.2,70.9,369.4,119.1,960,600
h_1789607763666140235.jpg,train,0.914,-7.553,18.948,-0.8226,0.0004,0.0079,-0.5685,20.28,349.8,83.3,389.0,122.2,960,600
h_1789607765221135965.jpg,train,1.040,-7.585,20.661,-0.7944,-0.0003,0.0090,-0.6073,21.90,375.5,95.8,409.6,129.7,960,600
h_1789607766971291979.jpg,val,0.967,-7.533,22.178,-0.7754,-0.0030,0.0054,-0.6314,23.31,401.1,106.1,431.6,136.5,960,600
h_1789607768060733725.jpg,train,0.897,-7.490,22.183,-0.7770,-0.0239,-0.0056,-0.6291,23.30,429.2,113.7,459.5,144.2,960,600
h_1789607769709470893.jpg,train,1.985,-7.798,22.191,-0.7839,-0.0263,-0.0112,-0.6203,23.47,402.4,110.4,433.0,141.4,960,600
h_1789607770734575116.jpg,train,3.477,-8.201,22.210,-0.7863,-0.0028,0.0057,-0.6178,23.79,327.1,107.0,358.3,138.1,960,600
h_1789607771759684097.jpg,train,4.675,-8.518,22.210,-0.7807,0.0483,0.0448,-0.6214,24.10,211.7,93.6,245.7,125.1,960,600
h_1789607772780466533.jpg,train,4.705,-8.509,22.195,-0.7745,0.0294,0.0306,-0.6311,24.09,248.2,94.4,280.4,125.1,960,600
h_1789607773806939398.jpg,train,3.972,-8.307,22.221,-0.9077,0.0038,0.0150,-0.4193,23.91,233.2,198.2,270.1,234.7,960,600
h_1789607774829785333.jpg,train,3.048,-8.087,22.225,-0.9766,-0.0160,-0.0151,-0.2138,23.70,266.1,254.5,299.4,288.5,960,600
h_1789607777338884100.jpg,train,2.932,-8.127,22.216,-0.9811,-0.0059,-0.0004,-0.1936,23.69,248.9,274.4,282.4,308.0,960,600
h_1789607778361610783.jpg,val,3.537,-8.298,22.228,-0.9809,0.0020,0.0150,-0.1938,23.84,224.2,302.6,258.4,336.5,960,600
h_1789607779384627833.jpg,train,4.032,-8.438,22.220,-0.9808,0.0067,0.0232,-0.1937,23.96,206.7,321.4,241.5,355.6,960,600
h_1789607782292027140.jpg,train,3.892,-8.373,22.206,-0.9807,-0.0007,0.0086,-0.1951,23.90,224.0,303.0,258.0,336.9,960,600
h_1789607785807385221.jpg,train,3.485,-8.202,22.217,-0.9776,-0.0051,0.0036,-0.2106,23.79,239.3,283.0,273.4,317.1,960,600
h_1789607786834613092.jpg,train,3.580,-8.212,22.231,-0.8553,-0.0057,0.0041,-0.5181,23.82,287.7,145.3,322.4,180.0,960,600
h_1789607787858461636.jpg,train,3.618,-8.313,22.212,-0.3209,0.0010,-0.0014,-0.9471,23.88,578.8,74.5,615.2,110.9,960,600
h_1789607788882813148.jpg,val,3.673,-8.477,22.206,0.4405,-0.0004,-0.0048,-0.8977,23.95,678.6,400.6,715.3,437.1,960,600
h_1789607789903082029.jpg,train,3.656,-8.539,22.213,-0.7481,0.0085,0.0028,0.6635,23.96,529.9,526.6,558.8,555.6,960,600
h_1789607793474283903.jpg,train,3.728,-8.417,22.224,-0.7242,0.0060,0.0072,0.6895,23.94,555.0,521.2,582.3,548.7,960,600
h_1789607796541070775.jpg,train,3.735,-8.095,22.214,-0.7246,0.0161,-0.0095,0.6890,23.82,533.0,505.4,560.0,532.3,960,600
h_1789607798886105296.jpg,val,5.329,-8.076,22.216,-0.7328,0.0264,-0.0119,0.6798,24.12,557.9,515.2,585.3,542.6,960,600
h_1789607799910068166.jpg,train,6.969,-8.009,22.207,-0.7368,0.0065,0.0088,0.6760,24.51,632.5,522.7,660.6,551.3,960,600
h_1789607800935488899.jpg,train,8.178,-7.931,22.213,-0.7293,-0.0445,0.0540,0.6807,24.88,759.8,530.1,791.0,561.3,960,600
h_1789607801956967513.jpg,train,8.050,-7.906,22.397,-0.7191,-0.0189,0.0346,0.6938,24.99,719.0,518.2,747.3,546.9,960,600
h_1789607802981556332.jpg,train,7.050,-7.865,24.214,-0.7160,0.0034,-0.0016,0.6981,26.31,627.7,480.1,652.0,504.4,960,600
h_1789607804001192644.jpg,train,6.055,-7.913,26.289,-0.7166,0.0237,-0.0207,0.6968,27.99,560.5,465.9,582.5,487.7,960,600
h_1789607805025313078.jpg,train,5.550,-8.061,26.785,-0.7204,0.0378,-0.0189,0.6923,28.40,535.6,480.3,557.4,502.2,960,600
h_1789607806047812572.jpg,train,5.854,-8.130,26.785,-0.7247,0.0775,-0.0539,0.6825,28.47,476.7,485.0,498.7,506.5,960,600
h_1789607807070333491.jpg,train,7.660,-8.009,26.811,-0.7396,0.0462,-0.0252,0.6710,28.89,556.4,487.4,579.0,510.1,960,600
h_1789607808095237572.jpg,train,10.395,-7.732,26.829,-0.7438,-0.0477,0.0576,0.6642,29.71,774.5,504.2,801.6,531.0,960,600
h_1789607809123105139.jpg,train,12.043,-7.525,26.823,-0.7299,-0.0628,0.0669,0.6773,30.27,851.4,494.2,879.4,521.2,960,600
h_1789607810146594317.jpg,val,11.906,-7.470,26.832,-0.7192,-0.0360,0.0410,0.6926,30.21,797.0,472.9,821.8,497.2,960,600
h_1789607811168402672.jpg,train,10.604,-7.509,27.881,-0.7180,0.0020,0.0027,0.6960,30.66,685.3,455.1,706.5,476.4,960,600
h_1789607812189224128.jpg,train,9.227,-7.628,29.428,-0.7165,0.0305,-0.0208,0.6967,31.66,603.2,449.0,622.5,468.4,960,600
h_1789607813214571645.jpg,train,8.521,-7.785,30.936,-0.7158,0.0413,-0.0235,0.6967,32.90,571.6,451.1,589.9,469.6,960,600
h_1789607814602998172.jpg,train,8.911,-7.893,32.858,-0.7159,0.0239,-0.0104,0.6978,34.83,595.5,442.7,613.0,460.4,960,600
h_1789607815635296299.jpg,train,9.752,-7.900,33.089,-0.7170,0.0111,0.0112,0.6968,35.28,638.6,452.2,656.4,470.3,960,600
h_1789607816654553898.jpg,val,10.593,-7.798,33.093,-0.7167,-0.0056,0.0209,0.6971,35.51,676.9,446.6,695.2,465.1,960,600
h_1789607817675924831.jpg,train,10.887,-7.650,33.107,-0.7110,-0.0391,0.0479,0.7005,35.59,741.0,441.1,760.4,460.3,960,600
h_1789607818700365619.jpg,train,10.041,-7.530,33.109,0.7039,0.0213,-0.0271,-0.7095,35.31,691.4,428.2,709.8,446.2,960,600
h_1789607819723359946.jpg,train,8.500,-7.476,33.113,0.7006,-0.0029,-0.0029,-0.7136,34.88,622.2,423.0,640.0,440.8,960,600
h_1789607820748949192.jpg,val,6.936,-7.492,33.129,0.6990,-0.0206,0.0116,-0.7147,34.55,568.7,425.1,586.2,442.9,960,600
h_1789607821770902018.jpg,train,5.800,-7.553,33.117,0.7025,-0.0254,0.0141,-0.7111,34.34,542.1,429.6,559.5,447.4,960,600
h_1789607824640813077.jpg,val,4.780,-7.727,33.116,-0.7089,0.0011,0.0138,0.7052,34.22,565.4,438.8,583.0,456.5,960,600
h_1789607827181433442.jpg,val,3.282,-7.649,33.111,0.7070,0.0018,-0.0120,-0.7071,34.02,540.8,432.9,558.3,450.5,960,600
h_1789607828205618521.jpg,train,2.362,-7.610,33.100,-0.7075,0.0312,-0.0227,0.7057,33.91,469.2,430.2,486.5,447.9,960,600
h_1789607830104738331.jpg,train,2.177,-7.623,33.121,-0.7147,0.0126,-0.0026,0.6993,33.93,494.7,432.4,512.4,450.1,960,600
h_1789607831198663589.jpg,train,2.515,-7.645,33.131,-0.7151,0.0011,0.0098,0.6989,33.97,519.8,434.2,537.6,452.1,960,600
h_1789607833010541365.jpg,val,2.638,-7.659,33.111,0.6579,-0.0017,-0.0118,-0.7530,33.96,543.7,426.9,563.4,446.5,960,600
h_1789607834037947653.jpg,train,2.328,-7.566,33.136,0.2623,-0.0008,0.0002,-0.9650,33.95,602.3,320.5,626.0,344.2,960,600
h_1789607835060133970.jpg,train,1.946,-7.424,33.113,-0.2555,-0.0091,0.0003,-0.9668,33.87,566.6,205.7,590.3,229.2,960,600
h_1789607836484815281.jpg,train,1.422,-7.284,33.121,-0.3330,0.0044,-0.0044,-0.9429,33.82,554.9,182.5,579.4,207.0,960,600
h_1789607837504887816.jpg,train,0.960,-7.022,33.105,-0.2974,-0.0253,0.0071,-0.9544,33.73,560.1,235.8,584.1,259.6,960,600
h_1789607840215869509.jpg,train,1.210,-7.206,36.132,-0.2913,-0.0025,0.0017,-0.9566,36.74,553.2,212.7,575.2,234.7,960,600
h_1789607844005738446.jpg,train,1.519,-7.388,43.116,-0.2909,-0.0015,0.0140,-0.9567,43.64,526.9,225.9,545.2,244.3,960,600
h_1789607845029865774.jpg,train,0.834,-7.992,43.138,-0.2744,0.0111,0.1089,-0.9554,43.74,431.4,248.2,449.3,266.2,960,600
h_1789607846052611875.jpg,train,-0.754,-10.389,43.178,-0.2477,-0.0077,0.0505,-0.9675,44.29,542.0,257.5,559.5,275.1,960,600
h_1789607847084762225.jpg,train,-2.540,-13.614,43.186,-0.2335,-0.0253,-0.0206,-0.9718,45.25,680.7,261.0,699.3,279.1,960,600
h_1789607848100994698.jpg,train,-3.641,-15.946,43.194,-0.2653,-0.0356,-0.1279,-0.9550,46.11,871.6,211.5,895.7,232.7,960,600
h_1789607849130236760.jpg,train,-3.504,-15.971,43.178,-0.2987,-0.0175,-0.0758,-0.9512,46.08,778.3,193.6,799.6,213.6,960,600
h_1789607850144663916.jpg,train,-2.683,-14.548,43.182,-0.3135,-0.0033,-0.0022,-0.9496,45.54,651.8,207.0,670.5,225.6,960,600
h_1789607851169146202.jpg,train,-1.805,-12.853,43.171,-0.3150,-0.0096,0.0112,-0.9490,44.96,613.0,223.0,631.5,241.4,960,600
h_1789607852190907096.jpg,train,-0.961,-11.333,43.178,-0.3125,-0.0072,0.0282,-0.9495,44.53,570.7,230.6,588.9,248.9,960,600
h_1789607853216000573.jpg,train,-0.249,-10.304,43.185,-0.3064,-0.0224,0.0395,-0.9508,44.27,547.9,253.1,566.0,271.2,960,600
h_1789607855095441603.jpg,train,1.395,-10.527,43.189,-0.2956,-0.0246,0.0206,-0.9548,44.35,561.2,231.6,579.4,249.7,960,600
h_1789607856121149723.jpg,val,2.639,-11.473,43.204,-0.2942,-0.0035,-0.0060,-0.9557,44.66,585.8,177.7,604.3,196.1,960,600
h_1789607857308054860.jpg,train,3.341,-11.887,43.184,-0.2945,0.1193,-0.0541,-0.9466,44.81,606.6,0.0,627.0,12.9,960,600
h_1789607858333557639.jpg,train,0.889,-9.739,43.174,-0.3033,0.0100,-0.0231,-0.9526,44.15,593.4,185.8,612.2,204.7,960,600
h_1789607859355715997.jpg,train,-2.928,-6.250,43.324,-0.3148,-0.0593,-0.0001,-0.9473,43.75,583.4,336.9,602.3,355.7,960,600
h_1789607860379623149.jpg,val,-6.153,-2.919,43.337,-0.3305,-0.0792,0.0062,-0.9405,43.75,578.5,420.5,597.9,440.1,960,600
h_1789607861403529071.jpg,train,-8.283,-0.179,43.096,-0.3272,-0.0791,0.0177,-0.9415,43.77,555.1,473.1,574.7,493.3,960,600
h_1789607862424868309.jpg,train,-9.378,1.819,43.068,-0.3136,-0.0437,0.0243,-0.9482,43.99,516.8,464.8,535.8,484.4,960,600
h_1789607863450774429.jpg,train,-9.584,2.699,43.156,-0.2994,-0.0967,0.0769,-0.9461,44.17,465.3,562.8,485.3,584.6,960,600
h_1789607864473967981.jpg,train,-8.676,1.798,43.172,-0.2867,-0.0182,0.0266,-0.9575,43.94,492.0,429.9,510.5,448.7,960,600
h_1789607865497023329.jpg,train,-7.352,0.697,43.188,-0.2907,-0.0127,-0.0877,-0.9527,43.70,621.5,363.4,641.0,382.1,960,600
h_1789607866525133193.jpg,train,-5.443,1.244,43.184,-0.3109,0.0009,-0.0772,-0.9473,43.42,585.8,330.7,605.0,349.4,960,600
h_1789607867552139947.jpg,val,-3.328,3.468,43.199,-0.3241,0.0092,-0.0217,-0.9457,43.33,482.4,335.7,501.0,354.2,960,600
h_1789607868573001896.jpg,train,-1.566,6.418,43.200,-0.3367,-0.0050,0.0211,-0.9414,43.56,397.3,374.8,416.2,393.7,960,600
h_1789607869603338159.jpg,train,-0.182,9.145,43.191,-0.3326,-0.0132,0.0366,-0.9423,44.01,341.3,398.6,360.5,417.9,960,600
h_1789607870621025960.jpg,train,0.975,11.214,43.190,-0.3229,-0.0131,0.0334,-0.9458,44.49,310.8,399.9,330.1,419.1,960,600
h_1789607873001416457.jpg,train,3.360,14.185,43.182,-0.3097,-0.0118,-0.0078,-0.9507,45.43,306.4,375.5,324.8,394.0,960,600
h_1789607874513303723.jpg,train,5.155,16.235,43.195,-0.3122,-0.0104,-0.0167,-0.9498,46.29,281.9,368.1,300.0,386.5,960,600
h_1789607875538780959.jpg,val,6.564,18.044,43.184,-0.3149,-0.0086,-0.0105,-0.9490,47.11,244.1,369.1,262.3,387.5,960,600
h_1789607876563776905.jpg,train,8.053,20.080,43.190,-0.3229,-0.0092,-0.0023,-0.9464,48.16,201.6,378.1,220.1,396.7,960,600
h_1789607877585991633.jpg,train,9.552,22.159,43.188,-0.3251,-0.0094,0.0048,-0.9456,49.33,158.0,383.9,176.7,402.7,960,600
h_1789607879538241143.jpg,train,11.068,24.318,43.195,-0.2911,0.0175,0.0724,-0.9538,50.65,0.0,360.2,11.6,380.8,960,600
h_1789607880562589486.jpg,train,10.458,23.626,43.193,-0.2765,-0.0061,0.0128,-0.9609,50.19,114.4,351.4,133.1,370.0,960,600
h_1789607881585233396.jpg,val,9.700,22.699,43.207,-0.0571,-0.0135,-0.0235,-0.9980,49.62,196.1,215.6,209.9,229.9,960,600
h_1789607882604999836.jpg,val,9.177,22.130,43.181,0.3845,-0.0401,-0.0095,-0.9222,49.25,347.9,52.6,366.1,70.1,960,600
h_1789607883630675576.jpg,val,9.129,22.029,43.183,0.4552,-0.0245,-0.0556,-0.8883,49.20,446.1,51.5,463.6,68.4,960,600
h_1789607884653536939.jpg,train,9.009,22.793,43.181,0.4030,0.0013,-0.0579,-0.9134,49.52,420.8,23.1,438.6,40.8,960,600
h_1789607885678909978.jpg,train,8.324,24.461,43.194,0.3841,0.0017,-0.0209,-0.9231,50.20,346.2,0.0,364.5,13.1,960,600
h_1789607891028331619.jpg,train,5.627,23.557,43.223,0.4246,0.0010,-0.0253,-0.9050,49.42,358.6,19.6,376.8,37.8,960,600
h_1789607892053467152.jpg,train,4.476,21.104,43.233,0.4237,-0.1001,-0.0727,-0.8973,48.18,376.3,193.3,393.2,209.3,960,600
h_1789607893107341327.jpg,train,4.170,20.534,43.168,0.3980,-0.0703,-0.0606,-0.9127,47.84,367.1,168.4,384.4,185.0,960,600
h_1789607894129900077.jpg,train,4.591,21.609,42.971,0.0781,-0.0220,-0.0266,-0.9963,48.17,234.1,217.5,248.8,232.1,960,600
h_1789607895155165221.jpg,train,5.239,23.275,42.861,-0.2952,0.0064,0.0293,-0.9550,48.91,128.7,415.4,148.6,434.8,960,600
h_1789607896176330736.jpg,train,5.485,24.488,42.863,-0.2987,-0.0031,0.0492,-0.9531,49.53,83.8,446.2,104.7,466.3,960,600
h_1789607897204814286.jpg,train,5.343,24.867,42.867,-0.2530,-0.0047,0.0450,-0.9664,49.70,75.4,416.0,95.7,435.5,960,600
h_1789607898223922952.jpg,train,4.931,24.470,43.082,-0.2392,-0.0174,0.0239,-0.9705,49.65,120.1,413.2,138.9,431.9,960,600
h_1789607899246596490.jpg,val,4.549,23.587,45.130,-0.2371,-0.0106,-0.0048,-0.9714,50.98,189.0,388.4,205.9,405.5,960,600
h_1789607900273894879.jpg,train,4.278,22.792,47.676,-0.2383,-0.0129,-0.0207,-0.9709,52.87,237.1,380.5,252.7,396.4,960,600
h_1789607901659840274.jpg,train,4.211,22.377,50.759,-0.2431,-0.0057,-0.0229,-0.9697,55.49,259.3,368.4,274.1,383.3,960,600
h_1789607902884263237.jpg,val,4.347,22.598,51.112,-0.2468,-0.0136,-0.0066,-0.9690,55.91,239.5,383.7,254.5,398.9,960,600
h_1789607903911114395.jpg,train,4.607,22.986,51.132,-0.2472,-0.0059,0.0065,-0.9689,56.10,214.7,379.4,230.0,394.7,960,600
h_1789607907180410058.jpg,train,4.820,23.385,51.160,-0.2437,-0.0016,0.0257,-0.9695,56.31,181.0,379.6,196.9,395.3,960,600
h_1789607908765498476.jpg,train,4.217,22.394,51.189,-0.2362,-0.0058,0.0172,-0.9715,55.89,206.5,378.0,222.0,393.4,960,600
h_1789607909786620986.jpg,train,3.643,21.332,51.182,-0.2339,-0.0112,-0.0037,-0.9722,55.42,249.4,376.2,264.4,391.2,960,600
h_1789607910809965605.jpg,train,3.163,20.380,51.183,-0.2361,-0.0128,-0.0149,-0.9715,55.04,276.4,375.3,291.1,390.2,960,600
h_1789607918570446082.jpg,train,1.143,16.492,51.184,-0.2365,0.0008,0.0425,-0.9707,53.64,248.9,378.9,264.9,394.6,960,600
h_1789607919591701441.jpg,val,0.473,15.166,51.179,-0.2328,-0.0209,-0.0504,-0.9710,53.24,384.0,373.3,398.4,388.0,960,600
h_1789607921671253966.jpg,val,0.199,14.560,51.177,-0.2518,-0.0128,-0.0213,-0.9675,53.07,358.1,377.3,373.1,392.4,960,600
h_1789607922699271839.jpg,train,0.258,14.684,51.153,-0.2438,0.0141,0.0996,-0.9646,53.07,194.1,386.3,211.7,402.9,960,600
h_1789607923718958738.jpg,train,-0.515,13.196,51.159,-0.2227,0.0032,0.0675,-0.9725,52.69,257.9,378.8,274.2,394.6,960,600
h_1789607924749292070.jpg,train,-1.797,10.552,51.191,-0.2034,-0.0097,0.0195,-0.9788,52.16,352.0,374.3,366.9,389.3,960,600
h_1789607925765781368.jpg,train,-3.102,7.651,51.183,-0.1990,-0.0178,-0.0181,-0.9797,51.71,432.4,374.0,447.0,388.7,960,600
h_1789607926822585205.jpg,train,-4.174,5.064,51.173,-0.2157,-0.0116,-0.0320,-0.9759,51.46,480.2,364.0,495.1,378.8,960,600
h_1789607931681462123.jpg,val,-7.663,-1.755,51.175,-0.2196,-0.0075,0.0249,-0.9752,51.65,501.9,376.4,516.8,391.4,960,600
h_1789607932696204797.jpg,val,-8.587,-3.741,51.178,-0.2193,-0.0080,0.0159,-0.9755,51.90,536.5,374.5,551.4,389.5,960,600
h_1789607933722217641.jpg,train,-9.580,-5.977,51.170,-0.2202,-0.0079,0.0036,-0.9754,52.28,578.0,370.5,593.0,385.5,960,600
h_1789607934745204797.jpg,train,-10.592,-8.235,51.166,-0.2203,-0.0086,-0.0054,-0.9754,52.78,616.5,368.6,631.6,383.6,960,600
h_1789607935770882154.jpg,train,-11.568,-10.346,51.177,-0.2201,-0.0090,-0.0080,-0.9754,53.37,646.0,368.3,661.2,383.4,960,600
h_1789607937192577206.jpg,train,-12.828,-12.950,51.177,-0.2176,-0.0094,-0.0019,-0.9760,54.22,671.0,371.5,686.1,386.5,960,600
h_1789607938214045023.jpg,train,-13.667,-14.665,51.173,-0.2166,-0.0219,-0.0565,-0.9744,54.87,769.3,376.0,786.0,391.7,960,600
h_1789607939238731059.jpg,train,-14.052,-15.420,51.170,-0.2333,-0.0233,-0.0706,-0.9696,55.17,803.1,365.5,820.6,381.7,960,600
h_1789607940259807235.jpg,train,-13.817,-14.857,51.168,-0.2494,-0.0122,-0.0146,-0.9682,54.94,716.9,357.7,732.6,373.1,960,600
h_1789607941283076473.jpg,val,-13.829,-13.731,51.178,-0.2491,0.1034,-0.0109,-0.9629,54.65,663.1,234.8,677.7,249.9,960,600
h_1789607942307652691.jpg,train,-16.045,-11.744,51.180,-0.2578,0.0255,0.0123,-0.9658,54.80,652.4,356.8,667.1,371.7,960,600
h_1789607944484775721.jpg,train,-20.232,-9.183,50.827,-0.2643,-0.1113,0.0393,-0.9572,55.38,686.4,588.2,703.5,599.0,960,600
h_1789607945506931072.jpg,train,-19.563,-9.844,49.036,-0.3093,-0.0571,0.0152,-0.9491,53.61,711.8,481.3,728.9,498.8,960,600
h_1789607946532855211.jpg,train,-18.099,-11.003,47.037,-0.3538,0.0130,-0.0058,-0.9352,51.49,719.2,351.6,736.4,368.7,960,600
h_1789607947554905033.jpg,val,-16.951,-11.848,45.018,-0.3980,0.0351,-0.0079,-0.9167,49.44,723.0,287.5,740.7,305.4,960,600
h_1789607949571766038.jpg,train,-17.127,-11.511,40.994,-0.4817,-0.0017,0.0111,-0.8763,45.80,747.5,290.8,766.5,309.9,960,600
h_1789607950593481582.jpg,train,-17.884,-10.904,38.955,-0.5209,-0.0255,0.0142,-0.8531,44.14,780.5,301.0,800.1,320.9,960,600
h_1789607951619421007.jpg,train,-18.476,-10.584,36.908,-0.5601,-0.0331,0.0090,-0.8277,42.52,814.9,280.9,835.3,301.2,960,600
h_1789607952637968979.jpg,train,-18.698,-10.641,34.844,-0.5956,-0.0273,0.0034,-0.8028,40.87,836.0,238.0,856.8,258.6,960,600
h_1789607953660963556.jpg,train,-18.596,-10.894,32.848,-0.6264,-0.0148,0.0004,-0.7793,39.21,841.8,186.2,862.8,207.1,960,600
h_1789607954716951461.jpg,val,-18.308,-11.194,32.160,-0.6277,-0.0032,-0.0069,-0.7784,38.58,844.4,159.7,866.1,181.1,960,600
h_1789607956039642915.jpg,train,-16.550,-10.976,32.131,-0.6296,-0.0543,-0.0643,-0.7723,37.71,941.1,141.3,959.0,164.4,960,600
h_1789607957063295830.jpg,train,-13.351,-10.225,32.101,-0.6513,-0.0214,-0.0083,-0.7584,36.15,761.7,155.4,782.7,175.9,960,600
h_1789607958087389306.jpg,train,-9.796,-9.458,32.102,-0.6577,-0.0063,0.0195,-0.7530,34.76,652.8,168.2,672.3,187.9,960,600
h_1789607959110875070.jpg,train,-6.563,-8.893,32.098,-0.6544,0.0054,0.0287,-0.7556,33.83,579.0,168.5,598.6,188.4,960,600
h_1789607960132134608.jpg,train,-4.622,-8.610,32.091,-0.6236,0.0851,0.1064,-0.7698,33.41,425.1,158.7,445.6,180.4,960,600
h_1789607961160329698.jpg,train,-5.271,-8.710,32.081,-0.6016,0.0450,0.0439,-0.7963,33.53,530.7,156.0,552.0,178.2,960,600
h_1789607962183515851.jpg,train,-7.355,-8.357,32.091,-0.5932,0.0311,-0.0444,-0.8032,33.86,665.4,120.0,689.2,143.6,960,600
h_1789607963204912668.jpg,train,-9.649,-6.364,32.107,-0.5883,-0.0784,0.0338,-0.8041,34.02,693.3,328.3,715.6,351.0,960,600
h_1789607964226865126.jpg,val,-11.022,-5.479,32.083,-0.5806,-0.1730,0.1051,-0.7886,34.27,726.2,495.2,748.5,520.9,960,600
h_1789607965256260303.jpg,train,-10.855,-8.211,32.068,-0.6012,-0.1023,0.0427,-0.7914,34.74,732.4,323.1,754.2,345.2,960,600
h_1789607966274117094.jpg,train,-9.414,-12.614,32.092,-0.6080,-0.0364,-0.0949,-0.7874,35.67,835.3,53.9,863.0,78.0,960,600
h_1789607968319797696.jpg,train,-3.672,-14.025,32.046,-0.6382,0.0456,-0.0159,-0.7683,35.06,565.3,0.0,587.1,14.7,960,600
h_1789607969344893093.jpg,train,-1.830,-8.745,32.241,-0.7310,-0.1510,0.0440,-0.6641,33.34,583.1,289.9,603.0,308.6,960,600
h_1789607970367180625.jpg,train,0.644,-5.131,32.177,-0.8681,-0.2383,0.0925,-0.4255,32.48,610.4,447.0,637.6,474.1,960,600
h_1789607971390348721.jpg,train,3.293,-6.372,31.884,-0.8963,-0.1318,0.1888,-0.3791,32.55,396.4,515.9,422.9,544.9,960,600
h_1789607972412107831.jpg,train,3.838,-11.662,32.047,-0.8998,0.0362,0.1242,-0.4166,34.17,168.1,282.0,196.5,308.0,960,600
h_1789607975714405268.jpg,train,-5.643,-15.711,32.082,-0.8619,-0.0128,-0.0069,-0.5069,36.04,437.4,0.0,461.6,18.6,960,600
h_1789607976737845828.jpg,val,-6.172,-9.360,32.273,-0.7914,-0.0988,0.0207,-0.6029,34.05,606.3,190.1,628.7,211.3,960,600
h_1789607977760895634.jpg,val,-5.304,-3.808,32.264,-0.7200,-0.1671,0.0569,-0.6711,32.81,664.0,398.1,686.2,418.2,960,600
h_1789607978783713464.jpg,train,-3.131,-1.485,31.866,-0.7525,-0.2163,0.1517,-0.6033,31.95,618.1,565.9,644.6,592.6,960,600
h_1789607979807130002.jpg,train,-0.400,-4.532,32.018,-0.7901,-0.0726,0.1233,-0.5961,32.20,435.6,373.8,457.7,396.1,960,600
h_1789607980832246149.jpg,train,1.116,-10.175,32.118,-0.7706,0.1252,0.1116,-0.6148,33.57,198.5,111.2,224.1,132.9,960,600
h_1789607982649415610.jpg,train,-1.473,-12.754,32.066,-0.7560,-0.0340,-0.0883,-0.6477,34.43,559.5,0.0,581.2,16.3,960,600
h_1789607983672066014.jpg,train,-1.474,-7.648,32.371,-0.7297,-0.1234,0.0696,-0.6689,33.17,535.9,310.9,555.1,329.4,960,600
h_1789607984693588578.jpg,train,-0.614,-3.938,31.990,-0.7616,-0.1278,0.1316,-0.6215,32.11,485.5,431.9,507.3,454.1,960,600
h_1789607985719588144.jpg,train,-0.214,-3.797,32.007,-0.7740,-0.0731,0.0826,-0.6235,32.10,465.7,349.3,486.9,370.6,960,600
h_1789607986742284376.jpg,train,-0.200,-5.690,32.087,-0.7785,-0.0068,0.0178,-0.6274,32.45,445.7,210.5,466.9,231.5,960,600
h_1789607987770317673.jpg,train,-0.387,-7.792,32.119,-0.7772,0.0304,-0.0229,-0.6281,32.92,436.4,105.3,458.2,127.4,960,600
h_1789607989847935159.jpg,val,-0.577,-8.635,32.106,-0.7775,0.0049,-0.0032,-0.6288,33.12,446.1,129.2,467.4,150.6,960,600
h_1789607990871662247.jpg,train,-0.488,-7.658,32.094,-0.7768,-0.0172,0.0186,-0.6292,32.86,452.8,184.1,473.8,204.8,960,600
h_1789607991894101158.jpg,val,-0.385,-6.735,32.100,-0.7764,-0.0282,0.0289,-0.6290,32.67,456.8,217.9,477.7,238.5,960,600
h_1789607994301649528.jpg,train,-0.352,-6.629,32.102,-0.7776,-0.0122,0.0116,-0.6286,32.65,454.4,192.1,475.5,213.1,960,600
h_1789607995325081712.jpg,train,-0.384,-7.069,32.099,-0.7777,-0.0019,0.0015,-0.6286,32.74,451.3,167.1,472.5,188.3,960,600
