epoch,time,train/box_loss,train/cls_loss,train/dfl_loss,metrics/precision(B),metrics/recall(B),metrics/mAP50(B),metrics/mAP50-95(B),val/box_loss,val/cls_loss,val/dfl_loss,lr/pg0,lr/pg1,lr/pg2
1,45.9279,1.80085,3.32653,1.15753,0.00284,0.85075,0.48469,0.25352,1.72382,4.85791,0.95467,0.00036,0.00036,0.00036
2,90.8959,1.4679,2.20848,1.06679,1,0.07659,0.09191,0.06746,1.72927,4.97698,0.98064,0.000732674,0.000732674,0.000732674
3,135.007,1.50038,2.19303,1.10151,1,0.05887,0.10511,0.0591,1.58607,4.64051,0.98818,0.00109782,0.00109782,0.00109782
4,180.103,1.60305,2.1475,1.17782,1,0.21525,0.5367,0.30282,1.66587,3.94714,1.06965,0.00145545,0.00145545,0.00145545
5,225.829,1.4786,1.69475,1.18405,0.01113,0.35821,0.0135,0.00647,1.85623,15.0652,1.11234,0.00180555,0.00180555,0.00180555
6,270.149,1.42151,1.5954,1.23369,0.75212,0.77612,0.85334,0.36643,1.769,2.53707,1.1935,0.001901,0.001901,0.001901
7,302.729,1.42052,1.47348,1.19785,0.88632,0.91045,0.93883,0.49731,1.63512,1.82261,1.13718,0.0018812,0.0018812,0.0018812
8,329.544,1.44815,1.32683,1.1859,0.7724,0.91045,0.90244,0.46569,1.79455,1.86188,1.13286,0.0018614,0.0018614,0.0018614
9,356.461,1.39295,1.20995,1.18243,0.84802,0.83582,0.92474,0.51114,1.52238,1.71871,1.10878,0.0018416,0.0018416,0.0018416
10,383.323,1.38943,1.11113,1.16361,0.92775,0.95825,0.9804,0.53604,1.62339,1.40806,1.08434,0.0018218,0.0018218,0.0018218
11,410.585,1.37529,1.07201,1.14873,0.87046,0.90267,0.95429,0.53359,1.61831,1.36805,1.09469,0.001802,0.001802,0.001802
12,437.486,1.32438,0.96346,1.10106,0.93776,0.9403,0.95939,0.54091,1.48129,1.2369,1.06004,0.0017822,0.0017822,0.0017822
13,464.349,1.301,0.93589,1.10023,0.87545,0.89552,0.92863,0.51487,1.63523,1.42132,1.09214,0.0017624,0.0017624,0.0017624
14,492.878,1.28321,0.88586,1.09504,0.85105,0.85283,0.87876,0.47472,1.81273,1.24862,1.11552,0.0017426,0.0017426,0.0017426
15,521.4,1.2992,0.85301,1.1021,0.85273,0.89552,0.90966,0.50916,1.57359,1.05645,1.05425,0.0017228,0.0017228,0.0017228
16,549.243,1.23613,0.81817,1.09608,0.93365,0.8806,0.93407,0.51202,1.72643,1.09409,1.07131,0.001703,0.001703,0.001703
17,575.149,1.33225,0.82589,1.11679,0.76483,0.58251,0.75588,0.47519,1.61332,2.27195,1.02913,0.0016832,0.0016832,0.0016832
18,602.424,1.21695,0.79744,1.08001,0.93887,0.91706,0.97713,0.57666,1.54943,1.15787,1.01164,0.0016634,0.0016634,0.0016634
19,629.276,1.23522,0.74481,1.08879,0.98505,0.98364,0.9879,0.58112,1.60162,0.95125,1.05447,0.0016436,0.0016436,0.0016436
20,656.008,1.21143,0.72462,1.06422,0.96599,0.97015,0.98137,0.59813,1.44588,0.93006,1.02105,0.0016238,0.0016238,0.0016238
21,682.581,1.2503,0.75362,1.07915,0.95825,0.95522,0.97838,0.56882,1.71928,0.95102,1.05896,0.001604,0.001604,0.001604
22,709.444,1.31732,0.73649,1.07372,0.93395,0.9403,0.96318,0.57603,1.57985,0.87133,1.05937,0.0015842,0.0015842,0.0015842
23,735.986,1.21163,0.75106,1.10208,0.9476,0.9403,0.96853,0.57225,1.60655,0.86573,1.05109,0.0015644,0.0015644,0.0015644
24,762.626,1.23294,0.7349,1.10917,0.96007,0.95522,0.97588,0.563,1.50231,0.87361,1.04302,0.0015446,0.0015446,0.0015446
25,789.666,1.17203,0.669,1.01587,0.97049,0.98163,0.98346,0.59756,1.74354,0.90371,1.05335,0.0015248,0.0015248,0.0015248
26,816.162,1.2059,0.70102,1.07175,0.9849,0.98507,0.9916,0.58436,1.49311,0.86503,1.00493,0.001505,0.001505,0.001505
27,842.672,1.15018,0.67943,1.06905,0.87714,0.86567,0.89092,0.52549,1.63419,0.97414,1.02882,0.0014852,0.0014852,0.0014852
28,869.536,1.18743,0.6599,1.05718,0.92004,0.9403,0.97171,0.57738,1.73712,0.9747,1.04823,0.0014654,0.0014654,0.0014654
29,896.18,1.2061,0.66094,1.07147,0.90971,0.95522,0.97652,0.56649,1.54759,0.87897,1.03137,0.0014456,0.0014456,0.0014456
30,923.112,1.16433,0.64228,1.03526,0.99601,1,0.995,0.62468,1.34145,0.7639,0.98855,0.0014258,0.0014258,0.0014258
31,949.78,1.13945,0.63431,1.04811,0.94972,0.95522,0.96574,0.59535,1.47362,0.81441,0.99836,0.001406,0.001406,0.001406
32,976.558,1.20481,0.63131,1.04744,0.98125,0.98507,0.987,0.58042,1.4291,0.75976,1.01943,0.0013862,0.0013862,0.0013862
33,1003.55,1.15099,0.64564,1.07314,0.96265,0.97015,0.97901,0.6181,1.40699,0.76459,0.98485,0.0013664,0.0013664,0.0013664
34,1030.52,1.13674,0.62068,1.03444,0.96583,0.97015,0.98304,0.61613,1.56237,0.80664,1.00603,0.0013466,0.0013466,0.0013466
35,1056.96,1.10474,0.60714,1.02332,0.90738,0.91045,0.92509,0.55205,1.98542,0.88511,1.09039,0.0013268,0.0013268,0.0013268
36,1083.51,1.13337,0.61927,1.03478,0.96119,0.97015,0.97516,0.63026,1.58719,0.84654,1.00263,0.001307,0.001307,0.001307
37,1110.58,1.10212,0.6151,1.0265,0.97956,0.98507,0.98612,0.66348,1.27952,0.81756,0.95325,0.0012872,0.0012872,0.0012872
38,1137.3,1.0825,0.62883,1.00771,0.96798,0.97015,0.98184,0.63306,1.38194,0.80979,0.98527,0.0012674,0.0012674,0.0012674
39,1163.9,1.03732,0.5799,0.98359,0.95319,0.95522,0.96809,0.65974,1.40884,0.75208,0.98521,0.0012476,0.0012476,0.0012476
40,1190.46,1.05426,0.58197,1.00658,0.93972,0.9403,0.96532,0.59004,1.61257,0.85256,1.01847,0.0012278,0.0012278,0.0012278
41,1217.22,1.05841,0.58392,0.99968,0.93751,0.9403,0.96885,0.66659,1.37195,0.67968,0.97909,0.001208,0.001208,0.001208
42,1244.37,1.08663,0.57146,0.99199,0.95257,0.95522,0.97072,0.63383,1.33673,0.77732,1.01029,0.0011882,0.0011882,0.0011882
43,1271.07,1.1104,0.60068,0.99338,0.98326,0.98507,0.98924,0.60636,1.36844,0.71901,0.98946,0.0011684,0.0011684,0.0011684
44,1297.83,1.06386,0.56584,1.01703,0.96738,0.97015,0.97437,0.65964,1.42857,0.75117,0.98811,0.0011486,0.0011486,0.0011486
45,1324.96,1.0424,0.55483,1.00537,0.97033,0.98507,0.98538,0.6007,1.5691,0.88579,1.01319,0.0011288,0.0011288,0.0011288
46,1351.59,1.12179,0.58538,1.00839,0.99326,1,0.995,0.64493,1.3983,0.78896,0.97787,0.001109,0.001109,0.001109
47,1378.08,1.05873,0.5819,0.99087,0.99814,1,0.995,0.6526,1.34865,0.69106,0.96149,0.0010892,0.0010892,0.0010892
48,1405.02,1.00808,0.52956,0.99622,0.98329,0.98507,0.99205,0.68138,1.23419,0.72463,0.95088,0.0010694,0.0010694,0.0010694
49,1432.02,0.98642,0.53977,0.97597,0.99198,1,0.995,0.69042,1.21211,0.70783,0.94475,0.0010496,0.0010496,0.0010496
50,1458.95,0.99704,0.52701,0.97043,0.99486,1,0.995,0.68463,1.39098,0.72429,0.96002,0.0010298,0.0010298,0.0010298
51,1485.84,0.98711,0.52412,0.95973,0.96522,0.97015,0.97729,0.67386,1.36459,0.77015,0.96619,0.00101,0.00101,0.00101
52,1512.22,1.02232,0.53656,0.98457,0.98183,0.98507,0.98789,0.69728,1.23421,0.6948,0.95489,0.0009902,0.0009902,0.0009902
53,1538.81,1.00811,0.54597,1.01748,0.99655,1,0.995,0.72225,1.24073,0.68123,0.96196,0.0009704,0.0009704,0.0009704
54,1565.68,1.0212,0.5619,1.01403,0.95493,0.95522,0.97225,0.68436,1.23365,0.6676,0.94474,0.0009506,0.0009506,0.0009506
55,1592.58,0.97323,0.53792,0.98756,0.99792,1,0.995,0.68375,1.18502,0.66463,0.95446,0.0009308,0.0009308,0.0009308
56,1619.4,0.98341,0.52178,0.9791,0.89682,0.89552,0.92288,0.63198,1.39982,0.68025,0.96339,0.000911,0.000911,0.000911
57,1646.7,1.01492,0.5314,0.99119,0.95313,0.95522,0.97332,0.6702,1.40478,0.69614,0.97093,0.0008912,0.0008912,0.0008912
58,1673.58,0.9603,0.50091,0.96488,0.92345,0.92537,0.94912,0.61363,1.45065,0.75164,0.9808,0.0008714,0.0008714,0.0008714
59,1700.49,0.91001,0.47978,0.9448,0.95281,0.95522,0.96393,0.6941,1.26113,0.67052,0.94309,0.0008516,0.0008516,0.0008516
60,1727.38,1.01778,0.52347,0.99771,0.96784,0.97015,0.96829,0.67306,1.26188,0.68982,0.93821,0.0008318,0.0008318,0.0008318
61,1754.55,0.95129,0.50376,0.98627,0.98214,0.98507,0.99024,0.68691,1.15747,0.69377,0.93204,0.000812,0.000812,0.000812
62,1781.4,0.94067,0.49509,0.97115,0.98195,0.98507,0.99088,0.69477,1.19773,0.6707,0.93954,0.0007922,0.0007922,0.0007922
63,1808.34,0.93506,0.48747,0.95469,0.98326,0.98507,0.98366,0.68969,1.23788,0.63405,0.9328,0.0007724,0.0007724,0.0007724
64,1835.21,0.88538,0.4731,0.96405,0.98238,0.98507,0.99068,0.73585,1.244,0.63799,0.92931,0.0007526,0.0007526,0.0007526
65,1862.03,0.92806,0.47898,0.94133,0.9833,0.98507,0.98558,0.69747,1.17396,0.61685,0.92139,0.0007328,0.0007328,0.0007328
66,1888.68,0.93027,0.50583,0.9592,0.98306,0.98507,0.98289,0.67978,1.22361,0.69548,0.93371,0.000713,0.000713,0.000713
67,1915.17,0.9033,0.47687,0.95671,0.99787,1,0.995,0.70315,1.2411,0.70129,0.92798,0.0006932,0.0006932,0.0006932
68,1942.1,0.86901,0.4667,0.93873,0.99867,1,0.995,0.67592,1.34052,0.67026,0.94945,0.0006734,0.0006734,0.0006734
69,1968.99,0.95565,0.48616,0.97174,0.99783,1,0.995,0.69911,1.16895,0.61532,0.92457,0.0006536,0.0006536,0.0006536
70,1995.78,0.94777,0.49264,0.9469,0.98251,0.98507,0.98171,0.6875,1.2931,0.63457,0.92026,0.0006338,0.0006338,0.0006338
71,2022.52,0.94732,0.48541,0.96109,0.99659,1,0.995,0.72711,1.17438,0.60726,0.90851,0.000614,0.000614,0.000614
72,2049.49,0.97014,0.5004,0.9318,0.99791,1,0.995,0.73531,1.16148,0.6493,0.91589,0.0005942,0.0005942,0.0005942
73,2076.42,0.86872,0.45851,0.94366,0.98369,0.98507,0.98795,0.70998,1.11087,0.60564,0.90919,0.0005744,0.0005744,0.0005744
74,2103.29,0.85061,0.44414,0.92557,0.99786,1,0.995,0.73033,1.06182,0.58231,0.91333,0.0005546,0.0005546,0.0005546
75,2130.24,0.86421,0.45715,0.94652,0.99718,1,0.995,0.72318,1.14797,0.62453,0.90854,0.0005348,0.0005348,0.0005348
76,2157.13,0.76584,0.4208,0.90903,0.9967,1,0.995,0.7215,1.25935,0.62851,0.93055,0.000515,0.000515,0.000515
77,2183.89,0.92026,0.47727,0.92911,0.98304,0.98507,0.98417,0.69718,1.38036,0.65023,0.94297,0.0004952,0.0004952,0.0004952
78,2210.01,0.82191,0.43343,0.90627,0.98271,0.98507,0.99104,0.70891,1.27414,0.61522,0.92712,0.0004754,0.0004754,0.0004754
79,2236.99,0.87937,0.44912,0.9261,0.96875,0.97015,0.97879,0.71095,1.24759,0.63434,0.92105,0.0004556,0.0004556,0.0004556
80,2263.87,0.86823,0.48418,0.9267,0.99818,1,0.995,0.72081,1.18869,0.65777,0.92445,0.0004358,0.0004358,0.0004358
81,2290.93,0.8374,0.45402,0.91578,0.99788,1,0.995,0.73811,1.20487,0.64793,0.92123,0.000416,0.000416,0.000416
82,2317.72,0.82728,0.43267,0.92328,0.99825,1,0.995,0.75407,1.13469,0.60956,0.91713,0.0003962,0.0003962,0.0003962
83,2344.24,0.8116,0.43282,0.90744,0.96875,0.97015,0.98235,0.72018,1.29714,0.61379,0.92403,0.0003764,0.0003764,0.0003764
84,2371.21,0.80545,0.43358,0.93631,0.98384,0.98507,0.98484,0.72769,1.29371,0.63893,0.92596,0.0003566,0.0003566,0.0003566
85,2398.69,0.76386,0.41339,0.90769,0.98401,0.98507,0.98496,0.73772,1.2296,0.62072,0.92189,0.0003368,0.0003368,0.0003368
86,2425.43,0.80259,0.41792,0.92059,0.9986,1,0.995,0.74321,1.15316,0.58375,0.91675,0.000317,0.000317,0.000317
87,2452.52,0.82753,0.42929,0.92508,0.98409,0.98507,0.9843,0.71006,1.24933,0.59389,0.9226,0.0002972,0.0002972,0.0002972
88,2479.67,0.81055,0.41498,0.91883,0.98393,0.98507,0.98416,0.72855,1.14657,0.5691,0.91276,0.0002774,0.0002774,0.0002774
89,2506.41,0.80969,0.42815,0.91309,0.98371,0.98507,0.98398,0.74567,1.08937,0.54722,0.90921,0.0002576,0.0002576,0.0002576
90,2532.91,0.82459,0.43702,0.91555,0.98386,0.98507,0.98388,0.72243,1.16211,0.56549,0.91037,0.0002378,0.0002378,0.0002378
91,2559.24,0.7735,0.41221,0.89837,0.98384,0.98507,0.98351,0.71197,1.23335,0.5948,0.91394,0.000218,0.000218,0.000218
92,2585.6,0.76933,0.40892,0.90439,0.98348,0.98507,0.98334,0.72924,1.09197,0.56293,0.90135,0.0001982,0.0001982,0.0001982
93,2611.84,0.69723,0.38554,0.8673,0.99835,1,0.995,0.74786,1.02126,0.53875,0.90001,0.0001784,0.0001784,0.0001784
94,2638.36,0.7223,0.38561,0.8829,0.99825,1,0.995,0.7388,1.07098,0.56483,0.9045,0.0001586,0.0001586,0.0001586
95,2664.92,0.69878,0.3791,0.86815,0.99836,1,0.995,0.74901,1.1192,0.542,0.90247,0.0001388,0.0001388,0.0001388
96,2691.41,0.70268,0.37888,0.85889,0.99773,1,0.995,0.76673,1.01416,0.51671,0.89594,0.000119,0.000119,0.000119
97,2717.9,0.70467,0.36847,0.86683,0.99747,1,0.995,0.76961,0.98736,0.51889,0.89526,9.92e-05,9.92e-05,9.92e-05
98,2744.57,0.67414,0.3622,0.87465,0.9975,1,0.995,0.76068,1.0035,0.52202,0.89424,7.94e-05,7.94e-05,7.94e-05
99,2771.31,0.7041,0.3718,0.86305,0.99755,1,0.995,0.7554,1.03191,0.51837,0.89506,5.96e-05,5.96e-05,5.96e-05
100,2797.65,0.69677,0.36694,0.87157,0.99762,1,0.995,0.76254,1.02944,0.51033,0.89572,3.98e-05,3.98e-05,3.98e-05
